{
    "DQN_walls_no_obst_no_rayc.txt": 1072.6662378311157,
    "DQN_walls_no_obst_rayc.txt": 464.770131111145,
    "DQN_walls_obst_no_rayc.txt": 450.51677894592285,
    "DQN_walls_obst_rayc.txt": 272.61223244667053,
    "PPO_walls_no_obst_no_rayc.txt": 391.5037841796875,
    "PPO_walls_no_obst_rayc.txt": 876.7355968952179,
    "PPO_walls_obst_no_rayc.txt": 328.8459486961365,
    "PPO_walls_obst_rayc.txt": 919.7454121112823
}