{
    "DQN_walls_no_obst_no_rayc.txt": 360.86873483657837,
    "DQN_walls_no_obst_rayc.txt": 596.4339311122894,
    "DQN_walls_obst_no_rayc.txt": 364.42080640792847,
    "DQN_walls_obst_rayc.txt": 298.1036202907562,
    "PPO_walls_no_obst_no_rayc.txt": 172.5667757987976,
    "PPO_walls_no_obst_rayc.txt": 709.0630531311035,
    "PPO_walls_obst_no_rayc.txt": 165.854909658432,
    "PPO_walls_obst_rayc.txt": 548.8013677597046
}