{
    "DQN_walls_no_obst_no_rayc.txt": 354.46224331855774,
    "DQN_walls_no_obst_rayc.txt": 586.3502821922302,
    "DQN_walls_obst_no_rayc.txt": 362.71662759780884,
    "DQN_walls_obst_rayc.txt": 294.3887643814087,
    "PPO_walls_no_obst_no_rayc.txt": 170.87193131446838,
    "PPO_walls_no_obst_rayc.txt": 687.380556344986,
    "PPO_walls_obst_no_rayc.txt": 164.36149764060974,
    "PPO_walls_obst_rayc.txt": 536.0299260616302
}