{
  "setup_name": "DQN_walls_obst_rayc",
  "env_name": "open_office_simple",
  "algo": "dqn",
  "n_runs": 20,
  "args": {
    "device": "cpu",
    "algo": "dqn",
    "render_mode": null,
    "n_actions": 8,
    "gamma": 0.99,
    "max_episodes": 500,
    "max_episode_steps": 5000,
    "log_interval": 10,
    "save_model_path": "logs/temp_model_1c856fe1.pth",
    "load_model_path": null,
    "seed": 20,
    "eps_clip": 0.3,
    "k_epochs": 4,
    "batch_size": 64,
    "epsilon_start": 1.0,
    "epsilon_min": 0.01,
    "epsilon_decay": 0.99,
    "alpha": 0.0001,
    "buffer_size": 10000,
    "min_replay_size": 1000,
    "target_update_freq": 1000,
    "goal_buffer_size": 50000,
    "goal_fraction": 0.4,
    "warmstart": 10,
    "env_name": "open_office_simple",
    "show_walls": true,
    "show_obstacles": true,
    "show_carpets": false,
    "use_flashlight": false,
    "use_raycasting": true,
    "reward_step": -1.0,
    "reward_collision": -5.0,
    "reward_delivery": 50.0,
    "reward_carpet": -0.2,
    "evaluate_only": false,
    "evaluate_after_training": false,
    "eval_episodes": 10,
    "eval_epsilon": 0.05,
    "eval_render_mode": null,
    "eval_render_delay": 0.03,
    "config_file": "experiments/DQN_walls_obst_rayc.txt",
    "model_path": "logs/temp_model_1c856fe1.pth",
    "n_episodes": 10
  },
  "individual_scores": {
    "hausdorff": [
      225.0390090310118,
      225.98268996568876,
      186.78528347493554,
      218.30667255391003,
      190.6000834081718,
      179.30783863527765,
      216.3050504709915,
      196.5336376361302,
      139.71258442567088,
      206.2908164726128,
      220.43979481848072,
      196.2079960835913,
      218.44096527285228,
      164.11298020504776,
      196.68315572818048,
      212.37079923857686,
      219.87246312807915,
      211.69955047879898,
      212.74370677886586,
      150.3545884069552
    ],
    "tortuosity": [
      0.0197743846016852,
      0.031914962503664504,
      0.028504164247485565,
      0.024843629752406875,
      0.025016110422675698,
      0.024656123182003272,
      0.01786001592774355,
      0.0439696464034038,
      0.02773389209880946,
      0.03927681193888023,
      0.02644700744919167,
      0.02093060881088977,
      0.03970765058072579,
      0.02706110248698749,
      0.019404817428589766,
      0.031520712483571904,
      0.02113112699435179,
      0.02811213485923164,
      0.02916907376647184,
      0.03725960262446294
    ]
  },
  "summary": {
    "hausdorff": {
      "mean": 199.3894833106915,
      "ci": 11.298412035541388,
      "n": 20,
      "std": 24.141162922673548
    },
    "tortuosity": {
      "mean": 0.028214678928161634,
      "ci": 0.003323176359786452,
      "n": 20,
      "std": 0.007100585610616545
    }
  }
}