{
  "setup_name": "DQN_walls_no_obst_no_rayc",
  "env_name": "open_office_simple",
  "algo": "dqn",
  "n_runs": 20,
  "args": {
    "device": "cpu",
    "algo": "dqn",
    "render_mode": null,
    "n_actions": 8,
    "gamma": 0.99,
    "max_episodes": 1000,
    "max_episode_steps": 5000,
    "log_interval": 10,
    "save_model_path": "logs/temp_model_d5a3fe39.pth",
    "load_model_path": null,
    "seed": 20,
    "eps_clip": 0.3,
    "k_epochs": 4,
    "batch_size": 64,
    "epsilon_start": 1.0,
    "epsilon_min": 0.01,
    "epsilon_decay": 0.995,
    "alpha": 0.0001,
    "buffer_size": 20000,
    "min_replay_size": 1000,
    "target_update_freq": 500,
    "goal_buffer_size": 50000,
    "goal_fraction": 0.4,
    "warmstart": 10,
    "env_name": "open_office_simple",
    "show_walls": true,
    "show_obstacles": false,
    "show_carpets": false,
    "use_flashlight": false,
    "use_raycasting": false,
    "reward_step": -1.0,
    "reward_collision": -5.0,
    "reward_delivery": 50.0,
    "reward_carpet": -0.2,
    "evaluate_only": false,
    "evaluate_after_training": false,
    "eval_episodes": 10,
    "eval_epsilon": 0.05,
    "eval_render_mode": null,
    "eval_render_delay": 0.03,
    "config_file": "experiments/DQN_walls_no_obst_no_rayc.txt",
    "model_path": "logs/temp_model_d5a3fe39.pth",
    "n_episodes": 10
  },
  "individual_scores": {
    "hausdorff": [
      166.02479284027666,
      123.50554014233629,
      189.52526829771918,
      152.0525661883669,
      160.54607742222714,
      160.6578791787162,
      141.76734626445463,
      161.46922840943043,
      161.45215793603714,
      151.51419857649668,
      159.20986519351993,
      154.6274901288723,
      168.02285528373832,
      156.24810116888392,
      138.96850223564542,
      122.66162744545663,
      163.24303588198345,
      162.6729848499744,
      176.5159559888918,
      130.55135898838768
    ],
    "tortuosity": [
      0.020110528549015398,
      0.0330585834820409,
      0.009376135086511746,
      0.06456728217328461,
      0.033229788119037124,
      0.029813778409562047,
      0.030917888918583176,
      0.030815133298018875,
      0.029357308100785406,
      0.03406079194963172,
      0.03717026144021882,
      0.03936386403805955,
      0.03892428753608233,
      0.03844452888418031,
      0.06753594915363642,
      0.020170198709667866,
      0.01403070047656126,
      0.029788953226111185,
      0.034636099669145916,
      0.029301163138512755
    ]
  },
  "summary": {
    "hausdorff": {
      "mean": 155.06184162107076,
      "ci": 7.6379937548302435,
      "n": 20,
      "std": 16.319997098502398
    },
    "tortuosity": {
      "mean": 0.03323366121793238,
      "ci": 0.006296322236285995,
      "n": 20,
      "std": 0.013453265860873613
    }
  }
}