{
  "setup_name": "DQN_walls_obst_no_rayc",
  "env_name": "open_office_simple",
  "algo": "dqn",
  "n_runs": 20,
  "args": {
    "device": "cpu",
    "algo": "dqn",
    "render_mode": null,
    "n_actions": 8,
    "gamma": 0.99,
    "max_episodes": 2000,
    "max_episode_steps": 5000,
    "log_interval": 10,
    "save_model_path": "logs/temp_model_6362a29e.pth",
    "load_model_path": null,
    "seed": 20,
    "eps_clip": 0.3,
    "k_epochs": 4,
    "batch_size": 64,
    "epsilon_start": 1.0,
    "epsilon_min": 0.01,
    "epsilon_decay": 0.995,
    "alpha": 0.0001,
    "buffer_size": 20000,
    "min_replay_size": 1000,
    "target_update_freq": 5000,
    "goal_buffer_size": 50000,
    "goal_fraction": 0.4,
    "warmstart": 10,
    "env_name": "open_office_simple",
    "show_walls": true,
    "show_obstacles": true,
    "show_carpets": false,
    "use_flashlight": false,
    "use_raycasting": false,
    "reward_step": -1.0,
    "reward_collision": -5.0,
    "reward_delivery": 50.0,
    "reward_carpet": -0.2,
    "evaluate_only": false,
    "evaluate_after_training": false,
    "eval_episodes": 10,
    "eval_epsilon": 0.05,
    "eval_render_mode": null,
    "eval_render_delay": 0.03,
    "config_file": "experiments/DQN_walls_obst_no_rayc.txt",
    "model_path": "logs/temp_model_6362a29e.pth",
    "n_episodes": 10
  },
  "individual_scores": {
    "hausdorff": [
      143.78553696681325,
      156.86526959565282,
      154.98891300071548,
      177.0859066943081,
      147.4342650841991,
      113.59364762808282,
      154.46011362475505,
      121.07329880634248,
      113.89769889719011,
      179.7932133173527,
      151.5928778975905,
      129.48537270247908,
      109.13702096639872,
      141.93776321964236,
      126.5882096621696,
      203.7454044393081,
      122.27924562421913,
      125.42411618891995,
      160.27911814177048,
      170.10837820650366
    ],
    "tortuosity": [
      0.04432467902904221,
      0.02256713615074718,
      0.023046988086969308,
      0.06806884071187043,
      0.03442525868740129,
      0.06027153016258804,
      0.03985436628482741,
      0.04099322130089416,
      0.0413207140379141,
      0.045878704052050384,
      0.03380838382980427,
      0.02914309001372787,
      0.025112677810434542,
      0.05406615527876213,
      0.04634200619156236,
      0.03466588486674686,
      0.05503736246155054,
      0.027819694231206726,
      0.03556202531719409,
      0.0268947755351688
    ]
  },
  "summary": {
    "hausdorff": {
      "mean": 145.17776853322067,
      "ci": 11.576213289513495,
      "n": 20,
      "std": 24.73473707372834
    },
    "tortuosity": {
      "mean": 0.03946017470202314,
      "ci": 0.0058094745152339556,
      "n": 20,
      "std": 0.012413024974324421
    }
  }
}