{
  "setup_name": "DQN_walls_no_obst_rayc",
  "env_name": "open_office_simple",
  "algo": "dqn",
  "n_runs": 20,
  "args": {
    "device": "cpu",
    "algo": "dqn",
    "render_mode": null,
    "n_actions": 8,
    "gamma": 0.99,
    "max_episodes": 800,
    "max_episode_steps": 5000,
    "log_interval": 10,
    "save_model_path": "logs/temp_model_337fd16b.pth",
    "load_model_path": null,
    "seed": 20,
    "eps_clip": 0.3,
    "k_epochs": 4,
    "batch_size": 64,
    "epsilon_start": 1.0,
    "epsilon_min": 0.01,
    "epsilon_decay": 0.99,
    "alpha": 0.0001,
    "buffer_size": 20000,
    "min_replay_size": 1000,
    "target_update_freq": 500,
    "goal_buffer_size": 50000,
    "goal_fraction": 0.4,
    "warmstart": 1,
    "env_name": "open_office_simple",
    "show_walls": true,
    "show_obstacles": false,
    "show_carpets": false,
    "use_flashlight": false,
    "use_raycasting": true,
    "reward_step": -1.0,
    "reward_collision": -5.0,
    "reward_delivery": 50.0,
    "reward_carpet": -0.2,
    "evaluate_only": false,
    "evaluate_after_training": false,
    "eval_episodes": 10,
    "eval_epsilon": 0.05,
    "eval_render_mode": null,
    "eval_render_delay": 0.03,
    "config_file": "experiments/DQN_walls_no_obst_rayc.txt",
    "model_path": "logs/temp_model_337fd16b.pth",
    "n_episodes": 10
  },
  "individual_scores": {
    "hausdorff": [
      138.91873328431794,
      191.3736912777136,
      200.8479898565415,
      160.1836511235355,
      229.52594709451324,
      152.35668104912736,
      203.4489874998132,
      179.34847779187027,
      187.63035244240987,
      181.52626456845474,
      249.56441740352344,
      218.60129519431376,
      220.07106531521467,
      224.55648637441158,
      212.13636923147382,
      239.42590085281563,
      217.1433801871407,
      219.3105677599205,
      181.98629567058066,
      182.58364206458194
    ],
    "tortuosity": [
      0.031856784900935874,
      0.015211742386173071,
      0.01916012566661954,
      0.014545018976978113,
      0.018581047296837717,
      0.028143636894528746,
      0.05694490910618113,
      0.020011529894296394,
      0.018160941577956613,
      0.02990710978206253,
      0.022721872239062798,
      0.03288211658411021,
      0.04367131104747529,
      0.0183758962627855,
      0.023141163657161578,
      0.01384581253763013,
      0.02527485542797609,
      0.024172701121398722,
      0.055792167288787956,
      0.010593649230519326
    ]
  },
  "summary": {
    "hausdorff": {
      "mean": 199.5270098021137,
      "ci": 13.34705950575507,
      "n": 20,
      "std": 28.518480035377138
    },
    "tortuosity": {
      "mean": 0.02614971959397387,
      "ci": 0.005893307699950015,
      "n": 20,
      "std": 0.012592150196894693
    }
  }
}