{
  "setup_name": "PPO_walls_obst_rayc",
  "env_name": "open_office_simple",
  "algo": "ppo",
  "n_runs": 20,
  "args": {
    "device": "cpu",
    "algo": "ppo",
    "render_mode": null,
    "n_actions": 8,
    "gamma": 0.99,
    "max_episodes": 1000,
    "max_episode_steps": 2048,
    "log_interval": 5,
    "save_model_path": "logs/temp_model_bf32ea62.pth",
    "load_model_path": null,
    "seed": 20,
    "eps_clip": 0.3,
    "k_epochs": 2,
    "batch_size": 256,
    "epsilon_start": 0.1,
    "epsilon_min": 0.01,
    "epsilon_decay": 0.995,
    "alpha": 0.0001,
    "buffer_size": 100000,
    "min_replay_size": 100000,
    "target_update_freq": 50000,
    "goal_buffer_size": 50000,
    "goal_fraction": 0.4,
    "warmstart": 50,
    "env_name": "open_office_simple",
    "show_walls": true,
    "show_obstacles": true,
    "show_carpets": false,
    "use_flashlight": false,
    "use_raycasting": true,
    "reward_step": -0.01,
    "reward_collision": -1.0,
    "reward_delivery": 50.0,
    "reward_carpet": -0.2,
    "evaluate_only": false,
    "evaluate_after_training": false,
    "eval_episodes": 10,
    "eval_epsilon": 0.05,
    "eval_render_mode": null,
    "eval_render_delay": 0.03,
    "config_file": "experiments/PPO_walls_obst_rayc.txt",
    "model_path": "logs/temp_model_bf32ea62.pth",
    "n_episodes": 10
  },
  "individual_scores": {
    "hausdorff": [
      196.1801375306728,
      190.91250741748212,
      162.63560010181527,
      177.5502818404762,
      170.22328243586236,
      202.57179002665492,
      199.01558914739186,
      178.5135503844811,
      213.95631277560557,
      191.9157812004513,
      225.2479364893439,
      152.76030434580602,
      232.47458025358856,
      158.6162849029306,
      221.11426203391707,
      256.5313803592238,
      183.40170568167485,
      218.99127115768766,
      163.15087248914142,
      151.30330549145899
    ],
    "tortuosity": [
      0.05019659397119682,
      0.05239688289891089,
      0.05038225232593504,
      0.052642004444909685,
      0.05130342043995364,
      0.051845598371174986,
      0.05295670940234889,
      0.05204139670850862,
      0.05231993222151925,
      0.051840585472976854,
      0.052028576188024075,
      0.05403551155893667,
      0.0530535359078,
      0.04807476339956586,
      0.05357838719875411,
      0.05429370162871043,
      0.04878234664836185,
      0.05474258198737445,
      0.05115133919027354,
      0.05119688635821207
    ]
  },
  "summary": {
    "hausdorff": {
      "mean": 192.3533368032833,
      "ci": 13.273442302244197,
      "n": 20,
      "std": 28.361183160535166
    },
    "tortuosity": {
      "mean": 0.05194315031617238,
      "ci": 0.0007802128012314064,
      "n": 20,
      "std": 0.0016670700528209552
    }
  }
}