{
  "setup_name": "PPO_walls_no_obst_no_rayc",
  "env_name": "open_office_simple",
  "algo": "ppo",
  "n_runs": 20,
  "args": {
    "device": "cpu",
    "algo": "ppo",
    "render_mode": null,
    "n_actions": 8,
    "gamma": 0.99,
    "max_episodes": 500,
    "max_episode_steps": 1024,
    "log_interval": 5,
    "save_model_path": "logs/temp_model_70db8b70.pth",
    "load_model_path": null,
    "seed": 20,
    "eps_clip": 0.2,
    "k_epochs": 5,
    "batch_size": 256,
    "epsilon_start": 1.0,
    "epsilon_min": 0.1,
    "epsilon_decay": 0.995,
    "alpha": 0.0001,
    "buffer_size": 100000,
    "min_replay_size": 100000,
    "target_update_freq": 50000,
    "goal_buffer_size": 50000,
    "goal_fraction": 0.4,
    "warmstart": 50,
    "env_name": "open_office_simple",
    "show_walls": true,
    "show_obstacles": true,
    "show_carpets": false,
    "use_flashlight": false,
    "use_raycasting": false,
    "reward_step": -0.01,
    "reward_collision": -1.0,
    "reward_delivery": 50.0,
    "reward_carpet": -0.2,
    "evaluate_only": false,
    "evaluate_after_training": false,
    "eval_episodes": 10,
    "eval_epsilon": 0.05,
    "eval_render_mode": null,
    "eval_render_delay": 0.03,
    "config_file": "experiments/PPO_walls_no_obst_no_rayc.txt",
    "model_path": "logs/temp_model_70db8b70.pth",
    "n_episodes": 10
  },
  "individual_scores": {
    "hausdorff": [
      197.50614068347392,
      222.70059655918286,
      221.98498459192842,
      145.88781986908504,
      185.92253860525938,
      228.52070058611736,
      209.7730123677373,
      152.4364344631925,
      184.62391940490616,
      182.77567536628223,
      168.15237135614942,
      189.38488137417767,
      188.62028389097185,
      191.27872354700628,
      241.5190977972013,
      170.20312355203455,
      164.29584771576154,
      164.46202864693583,
      154.17283692985973,
      253.32814057821693
    ],
    "tortuosity": [
      0.05222905679062754,
      0.05241924218557596,
      0.05398478677014913,
      0.05103693944740417,
      0.05131539531580932,
      0.05272410072090907,
      0.05553985785950062,
      0.05171912642624031,
      0.05280146633831455,
      0.05096899368919222,
      0.05005171799186899,
      0.05172478805330046,
      0.05119127318496641,
      0.05210419633899542,
      0.05334547374759534,
      0.0508437060493039,
      0.05144614128019246,
      0.04618121939237716,
      0.05051845356571113,
      0.050601933811303734
    ]
  },
  "summary": {
    "hausdorff": {
      "mean": 190.877457894274,
      "ci": 13.882388538086762,
      "n": 20,
      "std": 29.66231027860984
    },
    "tortuosity": {
      "mean": 0.051637393447966896,
      "ci": 0.0008357139194683698,
      "n": 20,
      "std": 0.0017856585353027677
    }
  }
}