{
  "setup_name": "PPO_walls_no_obst_rayc",
  "env_name": "open_office_simple",
  "algo": "ppo",
  "n_runs": 20,
  "args": {
    "device": "cpu",
    "algo": "ppo",
    "render_mode": null,
    "n_actions": 8,
    "gamma": 0.99,
    "max_episodes": 1000,
    "max_episode_steps": 1024,
    "log_interval": 5,
    "save_model_path": "logs/temp_model_e8ed437f.pth",
    "load_model_path": null,
    "seed": 20,
    "eps_clip": 0.2,
    "k_epochs": 5,
    "batch_size": 256,
    "epsilon_start": 1.0,
    "epsilon_min": 0.0,
    "epsilon_decay": 0.995,
    "alpha": 0.0001,
    "buffer_size": 100000,
    "min_replay_size": 100000,
    "target_update_freq": 50000,
    "goal_buffer_size": 50000,
    "goal_fraction": 0.4,
    "warmstart": 50,
    "env_name": "open_office_simple",
    "show_walls": true,
    "show_obstacles": true,
    "show_carpets": false,
    "use_flashlight": false,
    "use_raycasting": true,
    "reward_step": -0.01,
    "reward_collision": -1.0,
    "reward_delivery": 50.0,
    "reward_carpet": -0.2,
    "evaluate_only": false,
    "evaluate_after_training": false,
    "eval_episodes": 10,
    "eval_epsilon": 0.05,
    "eval_render_mode": null,
    "eval_render_delay": 0.03,
    "config_file": "experiments/PPO_walls_no_obst_rayc.txt",
    "model_path": "logs/temp_model_e8ed437f.pth",
    "n_episodes": 10
  },
  "individual_scores": {
    "hausdorff": [
      694.5952058573396,
      694.5952058573396,
      672.4986718214129,
      562.638871746345,
      694.5952058573396,
      591.8244115359792,
      686.1735870949362,
      643.9050446785511,
      562.638871746345,
      598.2293875573184,
      233.2482001680101,
      694.5952058573396,
      692.1888358314413,
      655.3853127325849,
      694.5952058573396,
      233.2482001680101,
      694.5952058573396,
      654.0659442783606,
      694.5952058573396,
      669.4052693897743
    ],
    "tortuosity": [
      0.0,
      0.0,
      0.10418130024464507,
      0.0,
      0.0,
      0.10297302773900172,
      3.0008574698207032e-09,
      0.10388549613819809,
      0.0,
      0.07832166062738925,
      1.198285117702142e-09,
      0.0,
      0.10458668016202921,
      0.10371657469308848,
      0.0,
      1.198285117702142e-09,
      0.0,
      0.10380790048042798,
      0.0,
      0.10456620709162459
    ]
  },
  "summary": {
    "hausdorff": {
      "mean": 615.8808524875224,
      "ci": 63.08526226024106,
      "n": 20,
      "std": 134.79341959324225
    },
    "tortuosity": {
      "mean": 0.040301942628691606,
      "ci": 0.0232373767848805,
      "n": 20,
      "std": 0.0496509860938588
    }
  }
}