{
  "setup_name": "PPO_walls_obst_rayc",
  "env_name": "open_office_simple",
  "algo": "ppo",
  "n_runs": 20,
  "args": {
    "device": "cpu",
    "algo": "ppo",
    "render_mode": null,
    "n_actions": 8,
    "gamma": 0.99,
    "max_episodes": 500,
    "max_episode_steps": 1024,
    "log_interval": 5,
    "save_model_path": "logs/temp_model_c3e16f9e.pth",
    "load_model_path": null,
    "seed": 20,
    "eps_clip": 0.2,
    "k_epochs": 5,
    "batch_size": 256,
    "epsilon_start": 0.5,
    "epsilon_min": 0.1,
    "epsilon_decay": 0.995,
    "alpha": 0.0001,
    "buffer_size": 100000,
    "min_replay_size": 100000,
    "target_update_freq": 50000,
    "goal_buffer_size": 50000,
    "goal_fraction": 0.4,
    "warmstart": 50,
    "env_name": "open_office_simple",
    "show_walls": true,
    "show_obstacles": true,
    "show_carpets": false,
    "use_flashlight": false,
    "use_raycasting": true,
    "reward_step": -0.01,
    "reward_collision": -1.0,
    "reward_delivery": 50.0,
    "reward_carpet": -0.2,
    "evaluate_only": false,
    "evaluate_after_training": false,
    "eval_episodes": 10,
    "eval_epsilon": 0.05,
    "eval_render_mode": null,
    "eval_render_delay": 0.03,
    "config_file": "experiments/PPO_walls_obst_rayc.txt",
    "model_path": "logs/temp_model_c3e16f9e.pth",
    "n_episodes": 10
  },
  "individual_scores": {
    "hausdorff": [
      220.35511789546317,
      256.47885125140493,
      178.47644576164726,
      269.3658826794211,
      294.06835768787096,
      267.9857837154285,
      249.14556468510736,
      251.0343223220049,
      244.557580975689,
      240.64485504640757,
      224.6630963527999,
      336.7812938331916,
      187.1384523213881,
      195.68393583595704,
      283.6097168466984,
      248.66115225242274,
      267.1694480467987,
      243.87426584417594,
      245.52912640089409,
      239.01741072520068
    ],
    "tortuosity": [
      0.05407767832221645,
      0.05439401573057706,
      0.05220963678124015,
      0.05614790859478573,
      0.053693507462220146,
      0.05755829788578322,
      0.055059454334041566,
      0.054592035322996335,
      0.051836031950142414,
      0.05394110945716646,
      0.051723548975814215,
      0.052271394254213,
      0.05026669534063426,
      0.05331312100149795,
      0.05546298164765799,
      0.05846430684889229,
      0.05469136116575546,
      0.054241492493356615,
      0.05527929831434776,
      0.05335938431536821
    ]
  },
  "summary": {
    "hausdorff": {
      "mean": 247.21203302399857,
      "ci": 16.65221613410281,
      "n": 20,
      "std": 35.58056313155924
    },
    "tortuosity": {
      "mean": 0.054129163009935366,
      "ci": 0.0008989924812884966,
      "n": 20,
      "std": 0.0019208649754296396
    }
  }
}