{
  "setup_name": "PPO_walls_no_obst_rayc",
  "env_name": "open_office_simple",
  "algo": "ppo",
  "n_runs": 20,
  "args": {
    "device": "cpu",
    "algo": "ppo",
    "render_mode": null,
    "n_actions": 8,
    "gamma": 0.99,
    "max_episodes": 500,
    "max_episode_steps": 1024,
    "log_interval": 5,
    "save_model_path": "logs/temp_model_dac0e44a.pth",
    "load_model_path": null,
    "seed": 20,
    "eps_clip": 0.2,
    "k_epochs": 5,
    "batch_size": 256,
    "epsilon_start": 1.0,
    "epsilon_min": 0.1,
    "epsilon_decay": 0.995,
    "alpha": 0.0001,
    "buffer_size": 100000,
    "min_replay_size": 100000,
    "target_update_freq": 50000,
    "goal_buffer_size": 50000,
    "goal_fraction": 0.4,
    "warmstart": 50,
    "env_name": "open_office_simple",
    "show_walls": true,
    "show_obstacles": true,
    "show_carpets": false,
    "use_flashlight": false,
    "use_raycasting": true,
    "reward_step": -0.01,
    "reward_collision": -1.0,
    "reward_delivery": 50.0,
    "reward_carpet": -0.2,
    "evaluate_only": false,
    "evaluate_after_training": false,
    "eval_episodes": 10,
    "eval_epsilon": 0.05,
    "eval_render_mode": null,
    "eval_render_delay": 0.03,
    "config_file": "experiments/PPO_walls_no_obst_rayc.txt",
    "model_path": "logs/temp_model_dac0e44a.pth",
    "n_episodes": 10
  },
  "individual_scores": {
    "hausdorff": [
      234.40254838983543,
      261.05171158246685,
      356.1335868665904,
      304.0933678342906,
      218.10995220342642,
      268.79697154635505,
      222.85270401296142,
      249.8819509100888,
      225.644533300266,
      215.47522852221255,
      183.04339064703623,
      243.88551136349133,
      224.0675595344979,
      262.94490996778745,
      253.77050311927934,
      227.32178419075285,
      215.7598636030669,
      182.43805852081692,
      218.06357547354347,
      229.24201934243698
    ],
    "tortuosity": [
      0.056623710903972,
      0.05411269856572953,
      0.05803774374042124,
      0.05517451876062418,
      0.051643135161387965,
      0.057265925742700695,
      0.053020383512010924,
      0.05171113005857676,
      0.05461607145977648,
      0.0537387561324996,
      0.05457081456830405,
      0.05348736180138095,
      0.054147144680015614,
      0.05377402699577387,
      0.053058085132947595,
      0.05364942932834592,
      0.05338219907691576,
      0.05585136135439285,
      0.05290447394381871,
      0.05505330003750264
    ]
  },
  "summary": {
    "hausdorff": {
      "mean": 239.84898654656013,
      "ci": 17.96359042459283,
      "n": 20,
      "std": 38.382558695160405
    },
    "tortuosity": {
      "mean": 0.05429111354785486,
      "ci": 0.0007657595108422516,
      "n": 20,
      "std": 0.0016361879043424164
    }
  }
}