{
  "setup_name": "PPO_walls_no_obst_no_rayc",
  "env_name": "open_office_simple",
  "algo": "ppo",
  "n_runs": 20,
  "args": {
    "device": "cpu",
    "algo": "ppo",
    "render_mode": null,
    "n_actions": 8,
    "gamma": 0.99,
    "max_episodes": 1000,
    "max_episode_steps": 1024,
    "log_interval": 5,
    "save_model_path": "logs/temp_model_2ac408a0.pth",
    "load_model_path": null,
    "seed": 20,
    "eps_clip": 0.2,
    "k_epochs": 5,
    "batch_size": 256,
    "epsilon_start": 1.0,
    "epsilon_min": 0.0,
    "epsilon_decay": 0.995,
    "alpha": 0.0001,
    "buffer_size": 100000,
    "min_replay_size": 100000,
    "target_update_freq": 50000,
    "goal_buffer_size": 50000,
    "goal_fraction": 0.4,
    "warmstart": 50,
    "env_name": "open_office_simple",
    "show_walls": true,
    "show_obstacles": true,
    "show_carpets": false,
    "use_flashlight": false,
    "use_raycasting": false,
    "reward_step": -0.01,
    "reward_collision": -1.0,
    "reward_delivery": 50.0,
    "reward_carpet": -0.2,
    "evaluate_only": false,
    "evaluate_after_training": false,
    "eval_episodes": 10,
    "eval_epsilon": 0.05,
    "eval_render_mode": null,
    "eval_render_delay": 0.03,
    "config_file": "experiments/PPO_walls_no_obst_no_rayc.txt",
    "model_path": "logs/temp_model_2ac408a0.pth",
    "n_episodes": 10
  },
  "individual_scores": {
    "hausdorff": [
      208.78737888920574,
      601.5500810406395,
      601.5500810406395,
      328.81567340941365,
      601.5500810406395,
      224.55745107081515,
      480.81293939055985,
      135.09233544918135,
      601.5500810406395,
      538.3723901222555,
      601.5500810406395,
      233.2482001680101,
      223.96857037909257,
      235.50073138098975,
      233.2482001680101,
      601.5500810406395,
      233.2482001680101,
      686.1735870949362,
      551.1174477239358,
      569.3346534868499
    ],
    "tortuosity": [
      0.042034325349340707,
      0.0,
      0.0,
      0.023233292508711485,
      0.0,
      0.034631446233356844,
      0.09940517883446429,
      0.04322945656368057,
      0.031415931058643924,
      0.07392579578809202,
      0.0,
      1.198285117702142e-09,
      0.033543923957332064,
      0.05064868003339955,
      1.198285117702142e-09,
      0.0,
      1.198285117702142e-09,
      3.0008574698207032e-09,
      0.10353127545928294,
      0.10334807130948116
    ]
  },
  "summary": {
    "hausdorff": {
      "mean": 424.5789122572552,
      "ci": 85.96617156852078,
      "n": 20,
      "std": 183.6827464909075
    },
    "tortuosity": {
      "mean": 0.03194736918457492,
      "ci": 0.016999141245893096,
      "n": 20,
      "std": 0.03632183328698907
    }
  }
}