{
  "setup_name": "PPO_walls_obst_no_rayc",
  "env_name": "open_office_simple",
  "algo": "ppo",
  "n_runs": 20,
  "args": {
    "device": "cpu",
    "algo": "ppo",
    "render_mode": null,
    "n_actions": 8,
    "gamma": 0.99,
    "max_episodes": 500,
    "max_episode_steps": 512,
    "log_interval": 5,
    "save_model_path": "logs/temp_model_ee14883c.pth",
    "load_model_path": null,
    "seed": 20,
    "eps_clip": 0.2,
    "k_epochs": 5,
    "batch_size": 128,
    "epsilon_start": 0.5,
    "epsilon_min": 0.1,
    "epsilon_decay": 0.995,
    "alpha": 0.0001,
    "buffer_size": 100000,
    "min_replay_size": 100000,
    "target_update_freq": 50000,
    "goal_buffer_size": 50000,
    "goal_fraction": 0.4,
    "warmstart": 50,
    "env_name": "open_office_simple",
    "show_walls": true,
    "show_obstacles": true,
    "show_carpets": false,
    "use_flashlight": false,
    "use_raycasting": false,
    "reward_step": -0.01,
    "reward_collision": -1.0,
    "reward_delivery": 50.0,
    "reward_carpet": -0.2,
    "evaluate_only": false,
    "evaluate_after_training": false,
    "eval_episodes": 10,
    "eval_epsilon": 0.05,
    "eval_render_mode": null,
    "eval_render_delay": 0.03,
    "config_file": "experiments/PPO_walls_obst_no_rayc.txt",
    "model_path": "logs/temp_model_ee14883c.pth",
    "n_episodes": 10
  },
  "individual_scores": {
    "hausdorff": [
      203.69359790042552,
      282.7561991500836,
      195.4270475791798,
      273.407809714243,
      289.48035708683994,
      173.07003930983177,
      271.10984112491053,
      201.5673923962658,
      167.4143701760978,
      239.2553864529786,
      191.3235972761992,
      151.46793307357729,
      252.31475336734283,
      168.36097045771356,
      202.18296152203874,
      168.762516386184,
      251.78662117369927,
      350.6600327504905,
      212.88040296260152,
      187.0215914688493
    ],
    "tortuosity": [
      0.04888649358968853,
      0.05317289504055497,
      0.05139118183243878,
      0.051962881952409425,
      0.0539485830231551,
      0.052382432639625255,
      0.052424677458776825,
      0.05389567031151227,
      0.0512991497188479,
      0.05314696608971531,
      0.04981365116162941,
      0.050348286741986145,
      0.05359709876028147,
      0.05314488182910865,
      0.0517043053787572,
      0.050117737176350284,
      0.05436213914079796,
      0.059039248740058115,
      0.04780370081441716,
      0.050165974352085564
    ]
  },
  "summary": {
    "hausdorff": {
      "mean": 221.69717106647764,
      "ci": 23.89029704608864,
      "n": 20,
      "std": 51.04607191226912
    },
    "tortuosity": {
      "mean": 0.05213039778760982,
      "ci": 0.0011061827508866775,
      "n": 20,
      "std": 0.002363565599077294
    }
  }
}