{
  "setup_name": "PPO_walls_obst_no_rayc",
  "env_name": "open_office_simple",
  "algo": "ppo",
  "n_runs": 20,
  "args": {
    "device": "cpu",
    "algo": "ppo",
    "render_mode": null,
    "n_actions": 8,
    "gamma": 0.99,
    "max_episodes": 1000,
    "max_episode_steps": 512,
    "log_interval": 5,
    "save_model_path": "logs/temp_model_70e929de.pth",
    "load_model_path": null,
    "seed": 20,
    "eps_clip": 0.2,
    "k_epochs": 5,
    "batch_size": 128,
    "epsilon_start": 0.5,
    "epsilon_min": 0.0,
    "epsilon_decay": 0.995,
    "alpha": 0.0001,
    "buffer_size": 100000,
    "min_replay_size": 100000,
    "target_update_freq": 50000,
    "goal_buffer_size": 50000,
    "goal_fraction": 0.4,
    "warmstart": 50,
    "env_name": "open_office_simple",
    "show_walls": true,
    "show_obstacles": true,
    "show_carpets": false,
    "use_flashlight": false,
    "use_raycasting": false,
    "reward_step": -0.01,
    "reward_collision": -1.0,
    "reward_delivery": 50.0,
    "reward_carpet": -0.2,
    "evaluate_only": false,
    "evaluate_after_training": false,
    "eval_episodes": 10,
    "eval_epsilon": 0.05,
    "eval_render_mode": null,
    "eval_render_delay": 0.03,
    "config_file": "experiments/PPO_walls_obst_no_rayc.txt",
    "model_path": "logs/temp_model_70e929de.pth",
    "n_episodes": 10
  },
  "individual_scores": {
    "hausdorff": [
      233.2482001680101,
      601.5500810406395,
      601.5500810406395,
      287.08918155678646,
      601.5500810406395,
      694.5952058573396,
      202.89581553823584,
      603.6214740859269,
      167.035170433602,
      675.8059926999207,
      233.2482001680101,
      601.5500810406395,
      403.18856265001295,
      621.7770666778557,
      264.72323328835813,
      285.7029995633289,
      358.4366950242646,
      563.011495979189,
      398.16359271391326,
      233.2482001680101
    ],
    "tortuosity": [
      1.198285117702142e-09,
      0.0,
      0.0,
      0.0653519671322624,
      0.0,
      0.0,
      0.04210573361886312,
      0.002617993877991494,
      0.038936085345953046,
      0.10447383788650311,
      1.198285117702142e-09,
      0.0,
      0.10226302066609179,
      0.1038283051630348,
      0.06018536927279057,
      0.08411364322364251,
      0.09983025785300856,
      0.10159322831882922,
      0.09885535619506491,
      1.198285117702142e-09
    ]
  },
  "summary": {
    "hausdorff": {
      "mean": 431.59957053676624,
      "ci": 84.04661507497417,
      "n": 20,
      "std": 179.58125630766656
    },
    "tortuosity": {
      "mean": 0.04520774010744454,
      "ci": 0.020825774559303237,
      "n": 20,
      "std": 0.04449814850489463
    }
  }
}