{
  "setup_name": "PPO_walls_no_obst_no_rayc",
  "env_name": "open_office_simple",
  "algo": "ppo",
  "n_runs": 20,
  "args": {
    "device": "cpu",
    "algo": "ppo",
    "render_mode": null,
    "n_actions": 8,
    "gamma": 0.99,
    "max_episodes": 1000,
    "max_episode_steps": 2048,
    "log_interval": 5,
    "save_model_path": "logs/temp_model_d9f22a2f.pth",
    "load_model_path": null,
    "seed": 20,
    "eps_clip": 0.3,
    "k_epochs": 2,
    "batch_size": 256,
    "epsilon_start": 0.1,
    "epsilon_min": 0.01,
    "epsilon_decay": 0.995,
    "alpha": 0.0001,
    "buffer_size": 100000,
    "min_replay_size": 100000,
    "target_update_freq": 50000,
    "goal_buffer_size": 50000,
    "goal_fraction": 0.4,
    "warmstart": 50,
    "env_name": "open_office_simple",
    "show_walls": true,
    "show_obstacles": true,
    "show_carpets": false,
    "use_flashlight": false,
    "use_raycasting": false,
    "reward_step": -0.01,
    "reward_collision": -1.0,
    "reward_delivery": 50.0,
    "reward_carpet": -0.2,
    "evaluate_only": false,
    "evaluate_after_training": false,
    "eval_episodes": 10,
    "eval_epsilon": 0.05,
    "eval_render_mode": null,
    "eval_render_delay": 0.03,
    "config_file": "experiments/PPO_walls_no_obst_no_rayc.txt",
    "model_path": "logs/temp_model_d9f22a2f.pth",
    "n_episodes": 10
  },
  "individual_scores": {
    "hausdorff": [
      148.1979481369471,
      195.66366504537072,
      190.26039298752684,
      283.29702723663434,
      176.3985753941664,
      197.75960339148907,
      160.69488412945185,
      213.64030058929467,
      250.82689668786338,
      188.22187895484964,
      218.18535788683425,
      153.99555287236768,
      213.55814670897712,
      193.09172540546055,
      155.8768406536509,
      176.37312653356395,
      215.40565661926547,
      184.81152795584964,
      163.66484625716387,
      167.24542147692767
    ],
    "tortuosity": [
      0.04719485312488366,
      0.050325179398343134,
      0.049100442977450955,
      0.05505320148966194,
      0.05318149860866358,
      0.05302390529864415,
      0.050499688437695846,
      0.052028116898972965,
      0.05236805204864572,
      0.04993822574595471,
      0.05138555601438092,
      0.048706806914806965,
      0.04868860874234474,
      0.052602181754240876,
      0.051285962544331785,
      0.051339835428631755,
      0.04973947243663498,
      0.0510845565558818,
      0.04950034846301654,
      0.05253679608690134
    ]
  },
  "summary": {
    "hausdorff": {
      "mean": 192.35846874618275,
      "ci": 15.390353736187565,
      "n": 20,
      "std": 32.88435895364108
    },
    "tortuosity": {
      "mean": 0.05097916444850442,
      "ci": 0.0008619914524734942,
      "n": 20,
      "std": 0.0018418053817345589
    }
  }
}