{
  "setup_name": "PPO_walls_obst_rayc",
  "env_name": "open_office_simple",
  "algo": "ppo",
  "n_runs": 20,
  "args": {
    "device": "cpu",
    "algo": "ppo",
    "render_mode": null,
    "n_actions": 8,
    "gamma": 0.99,
    "max_episodes": 1000,
    "max_episode_steps": 1024,
    "log_interval": 5,
    "save_model_path": "logs/temp_model_2c299b28.pth",
    "load_model_path": null,
    "seed": 20,
    "eps_clip": 0.2,
    "k_epochs": 5,
    "batch_size": 256,
    "epsilon_start": 0.5,
    "epsilon_min": 0.0,
    "epsilon_decay": 0.995,
    "alpha": 0.0001,
    "buffer_size": 100000,
    "min_replay_size": 100000,
    "target_update_freq": 50000,
    "goal_buffer_size": 50000,
    "goal_fraction": 0.4,
    "warmstart": 50,
    "env_name": "open_office_simple",
    "show_walls": true,
    "show_obstacles": true,
    "show_carpets": false,
    "use_flashlight": false,
    "use_raycasting": true,
    "reward_step": -0.01,
    "reward_collision": -1.0,
    "reward_delivery": 50.0,
    "reward_carpet": -0.2,
    "evaluate_only": false,
    "evaluate_after_training": false,
    "eval_episodes": 10,
    "eval_epsilon": 0.05,
    "eval_render_mode": null,
    "eval_render_delay": 0.03,
    "config_file": "experiments/PPO_walls_obst_rayc.txt",
    "model_path": "logs/temp_model_2c299b28.pth",
    "n_episodes": 10
  },
  "individual_scores": {
    "hausdorff": [
      562.638871746345,
      694.098436016733,
      509.9647252544379,
      687.866507952307,
      243.1301718947553,
      689.2347726603914,
      462.18965147639466,
      549.5192021905352,
      686.1735870949362,
      562.638871746345,
      694.5952058573396,
      601.5500810406395,
      562.638871746345,
      601.5500810406395,
      601.5500810406395,
      488.342534191505,
      601.5500810406395,
      562.638871746345,
      656.5496357857285,
      694.5952058573396
    ],
    "tortuosity": [
      0.0,
      0.10447407828633311,
      0.09059721593074799,
      0.10430517545014126,
      0.10133357297792225,
      0.10447919654424113,
      0.08762402587349773,
      0.10267071840634948,
      3.0008574698207032e-09,
      0.0,
      0.0,
      0.0,
      0.0,
      0.0,
      0.0,
      0.006323703659989547,
      0.0,
      0.0,
      0.10308374179453128,
      0.0
    ]
  },
  "summary": {
    "hausdorff": {
      "mean": 585.6507723690172,
      "ci": 49.53031814335117,
      "n": 20,
      "std": 105.83075534412468
    },
    "tortuosity": {
      "mean": 0.04024457159623056,
      "ci": 0.022851288353863932,
      "n": 20,
      "std": 0.04882603620829872
    }
  }
}